OrderID,CustomerName,Email,Region,Product,Quantity,UnitPrice,Total,OrderDate,DeliveryStatus,PaymentStatus
ORD1082,Rahul Kaur,rahul.kaur@hotmail.com,Lucknow,Ink Cartridge,1,889,889,13.10.2015,Cancelled,Unpaid
ORD1219,Suresh Nair,suresh.nair@gmail.com,Pune,Ink Cartridge ,2,785,1570,13 Sep 2017,Pending,COD
ORD1056,Rita Verma,rita.verma@yahoo.com,Delhi,Speaker,1,1765,1765,15/12/2015,Delayed,COD
ORD1495,Ramesh Gupta,,Chennai,Keyboard,1,740,740,Nov 14 2018,Delayed,Unpaid
ORD1265,Vijay Sharma,vijay.sharma@mail.com,Lucknow,Tablet,2,15412,15412,19-03-2018,Delivered,Refunded
ORD1156,Neha Singh,neha.singh@hotmail.com,Bengaluru,Headphones,1,1645,1645,2018-05-06,Out for delivery,COD
ORD1484,Meena Iyer,meena.iyer@hotmail.com,Bengaluru,Charger,two,,910,19 Jul 2023,Pending,Paid
ORD1322,Geeta Kumar,geeta.kumar@yahoo.com,Lucknow,Phone Case,1,290,290,16-Apr-2021,Delayed,COD
ORD1583,Imran Khan,imran.khan@yahoo.com,Pune,Microphone,1,2967,2967,18 Jul 2022,Out for delivery,Unpaid
ORD1292,Latika Singh,latika.singh@hotmail.com,Kolkata,Ink Cartridge,1,767,767,27.08.2020,Cancelled,Paid
ORD1239,Ramesh Sharma,ramesh.sharma@hotmail.com,Delhi,USB Cable,1,190,190,01-Sep-2016,Cancelled,COD
ORD1251,Rohit Kaur,rohit.kaur@hotmailcon,Pune,Speaker,1,2049,2049,2015/07/18,Delivered,COD
ORD1197,Sana Singh,sana.singh@outlook.com,Bengaluru,Microphone,4,3064,12256,10 Oct 2022,Pending,Paid
ORD1395,Meena Iyer,meena.iyermail.com,Jaipur,Tablet,1,14350,14350,2018-10-07,In Transit,COD
ORD1291,Amit Iyer,amit.iyer@gmail.com,Lucknow,Power Bank,2,1185,2370,2021-06-14,Returned,Refunded
ORD1321,Ramesh Bose,ramesh.bose@mail.com,Ahmedabad,Smartwatch,1,7948,7948,25/09/2022,In Transit,Paid
ORD1548,Ritika,ritika.patel@mail.com,Pune,Keyboard,1,899,899,24/04/2019,Delayed,Unpaid
ORD1526,Sourav Iyer,sourav.iyer@mail.com,Lucwnow,Laptop,1,44740,44740,2018-05-14,Delayed,Refunded
ORD1011,Rohit Iyer,rohit.iyergmail.com,Pune,Phone Case,1,316,316,13-Nov-2023,Returned,Refunded
ORD1003,Kamal Singh,kamalsingh@gmail.com,Delhi,Webcam,1,2120,2120,2024-06-08,In Transit,Unpaid
ORD1193,Geeta Singh,geeta.singh@hotmail.com,Jaipur,Laptop,-1,39819,-39819,2022-03-10,Delayed,Unpaid
ORD1228,Ritika Nair,ritika.nair@outlook.com,Jaipur,HDMI Cable,1,2338,2338,May 13 2015,Pending,Refunded
ORD1430,Priya Khan,priya.khan@outlook.com,Ahmedabad,Laptop,1,,48809,2018-01-31,Cancelled,COD
ORD1177,Vijay Iyer,vijay.iyerhotmail.com,Kolkata,Mouse,1,425,425,08.02.2021,Returned,Paid
ORD1132,Rohit Reddy,rohit.reddy@gmail.com,Membai,Speaker,1,1830,1830,22.02.2016,Out for delivery,Paid
ORD1384,Geeta Kaur,geeta.kaur@outlook.com,Delhi,Mouse,1,443,443,18/10/2020,Pending,Paid
ORD1473,Sahil Bose,sahil.bose@gmail.com,Bengaluru,HDMI Cable,-1,7615,-7615,2023-09-15,Returned,COD
ORD1164,Akhil Devi,akhil.devioutlook.com,Mumbai,HDMI Cable,1,7817,7817,2021/11/09,Returned,COD
ORD1300,Anita Verma,anita.verma@hotmail.com,Lucknow,Power Bank,2,1270,2540,Apr 11 2022,Cancelled,Unpaid
ORD1261,Imran,imran.patel@mail.com,Mumbai,Ink Cartridge,1,852,852,26-Jan-2016,Cancelled,COD
ORD1105,Ramesh Patel,ramesh.patel@hotmail.com,Bengaluru,Smartwatch,1,6966,6966,26.11.2017,Pending,Refunded
ORD1211,Ritika Sharma,,Delhi,Keyboard,1,834,834,29 Jul 2020,Returned,COD
ORD1078,Anita Kaur,,Delhi,Speaker,-1,1776,-1776,16 August 2021,In Transit,Paid
ORD1378,Rita Nair,rita.nair@outlook.com,Jaipur,Ink Cartridge,1,834,834,16 Feb 2023,Cancelled,Refunded
ORD1545,Amit Sharma,amit.sharma@mail.com,Chennai,Mouse,1,,536,20-Aug-2018,Out for delivery,Unpaid
ORD1425,Sourav Patel,sourav.patel@yahoo.com,Bengaluru,Microphone,1,3022,3022,28-12-2017,Pending,Paid
ORD1594,Ritika Kapoor,ritika.kapoor@hotmail.com,Ahmedabld,Router,1,3747,3747,2022-06-05,Cancelled,COD
ORD1205,Rita Kumar,rita.kumar@yahoo.com,Pune,Laptop,1,39467,19733,2017-07-08,In Transit,Refunded
ORD1362,Sita Gupta,sita.gupta@mail.com,Chennai,Ink Cartridge,one,904,904,2019/11/18,Delivered,Unpaid
ORD1031,Mohan Sharma,mohan.sharmaoutlook.com,Pune,Microphone,1,2715,2715,2024-09-29,Out for delivery,Paid
ORD1568,Akhil Singh,akhil.singh@mail.com,qucknow,Printer,4,8870,35480,04-09-2015,Cancelled,COD
ORD1451,Vijay Nair,vijay.nair@mail.com,Lucknow,Headphones,1,1684,1684,2018/10/18,Out for delivery,Refunded
ORD1381,Arjun Khan,arjun.khan@yahoo.com,Chennai,Keyboard,1,885,885,2018/06/09,Delayed,Unpaid
ORD1356,Rita Gupta,rita.gupta@outlook.com,Chennai,Charger,-2,470,-940,15 July 2022,Out for delivery,Unpaid
ORD1102,Kamal Sharma,kamal.sharma@outlook.com,Jaihur,Speaker,2,1709,3418,2016/08/26,Delayed,Paid
ORD1205,Rita Kumar,rita.kumar@yahoo.com,Pune,Laptop,1,39467,19733,2017-07-08,In Transit,Refunded
ORD1196,Sita Reddy,sita.reddy@hotmail.com,Delhi,Graphic Card,1,23617,23617,23-Aug-2022,Pending,Refunded
ORD1245,Mohan Kapoor,mohan.kapoor@outlook.com,Ahmedabad,HDMI Cable,1,,3838,11-03-2017,Returned,Refunded
ORD1071,Suresh Nair,sureshnair@outlook.com,Hyderabad,SSD Pro,1,4766,4766,20-Oct-2016,Cancelled,Refunded
ORD1235,Pooja Bose,pooja.bose@gmail.com,Lucknow,Power Bank,1,1302,1302,2023/05/30,Delivered,COD
ORD1508,Mohan Gupta,mohan.gupta@hotmail.com,Hqderabad,Graphic Card,2,27473,54946,06-02-2016,Returned,Unpaid
ORD1154,Amit Kaur,amit.kaur@yahoo.com,Bengaluru,Smartwatch,1,7778,7778,30-04-2017,In Transit,Refunded
ORD1149,Rohit Nair,rohit.nair@gmail.com,Pune,Headphones,1,1539,1539,30-11-2016,Delayed,COD
ORD1083,Geeta Chowdhury,geeta.chowdhury@hotmail.com,Lucknow,Phone Case,4,338,1352,Sep 24 2023,In Transit,Unpaid
ORD1495,Ramesh Gupta,,Chennai,Keyboard,1,740,740,Nov 14 2018,Delayed,Unpaid
ORD1232,Rita Sharma,rita.sharma@outlook.com,Bengaluru,Power Bank,2,1343,2417,03-Aug-2023,Out for delivery,Paid
ORD1550,Mohan Gupta,mohan.gupta@hotmail.com,Kolkata,Phone Case,1,317,317,2021-09-15,Returned,COD
ORD1269,Sana Patel,sanapatel@gmail.com,Lucknow,Mouse,1,531,531,21/01/2021,In Transit,Refunded
ORD1030,Deepak Khan,deepak.khan@gmail.com,Chennai,USB Cable,one,185,185,Aug 10 2023,Returned,COD
ORD1518,Sana Gupta,sana.gupta@gmail.com,Delhi,Smartwatch - refurbished,1,7616,7616,25.06.2018,Returned,Unpaid
ORD1212,Jaya Reddy,jaya.reddy@outlook.com,Jaipur,Router,1,3017,3017,28 Jun 2018,Delivered,Unpaid
ORD1025,Ritika Gupta,ritika.gupta@hotmail.com,Mhmbai,SSD,2,4389,8778,23/05/2022,Delivered,Paid
ORD1166,Vikas Chowdhury,,Jaipur,Mouse,1,493,493,26 September 2020,Pending,Refunded
ORD1571,Jaya Devi,jaya.devi@yahoo.com,Kolkata,Graphic Card,1,27357,27357,22-01-2022,Delivered,Paid
ORD1504,Sneha Chowdhury,sneha.chowdhury@yahoo.com,Pune,Keyboard,1,703,703,23-08-2024,Pending,Paid
ORD1141,Akhil Kapoor,akhil.kapoor@mail.com,Kolkata,Ink Cartridge,1,717,717,May 21 2017,Pending,Refunded
ORD1276,Meena Sharma,meena.sharma@outlook.com,Jaipur,Monitor,1,8211,8211,23.10.2024,Returned,COD
ORD1185,Kamal Nair,kamal.nair@gmail.com,Delhi,USB Cable,1,205,205,25-06-2020,Pending,Unpaid
ORD1236,Rahul Khan,rahul.khan@outlook.com,Ahmedabad,Headphones,2,1327,2654,2018/07/16,Cancelled,COD
ORD1409,Ritika Sharma,ritika.sharma@hotmail.com,Bengaluru,HDMI Cable,one,1897,1897,2021-03-10,In Transit,Paid
ORD1077,Jaya Gupta,jaya.gupta@yahoo.com,Chennai,Microphone,1,2790,2790,2016-03-02,Delivered,COD
ORD1557,Amit Iyer,amit.iyer@hotmail.com,Bengaluru,Mouse,1,488,488,2023-01-16,Cancelled,Refunded
ORD1064,Ritika Singh,ritika.singh@mail.com,Hyderabad,HDMI Cable,1,1999,1999,24.06.2016,In Transit,Paid
ORD1275,Karan Gupta,,Mumbai,SSD,2,3756,7512,25-Mar-2019,Out for delivery,COD
ORD1073,Rita,rita.reddy@hotmail.com,Kolkata,SSD,4,3852,15408,19-Dec-2023,Pending,Unpaid
ORD1453,Latika Chowdhury,latikachowdhury@gmail.com,Lucknow,HDMI Cable,1,3112,3112,2016/09/06,Cancelled,Unpaid
ORD1079,Jaya Bose,jaya.bose@outlook.com,Chennai,SSD,1,3933,3933,18/02/2020,Delayed,COD
ORD1573,Geeta Chowdhury,geeta.chowdhury@mail.com,Hyderabad,Graphic Card,1,25563,25563,03.07.2019,Delayed,Unpaid
ORD1354,Rita Patel,rita.patel@hotmail.com,Kolkata,Charger,2,509,1018,24 Nov 2021,Returned,Refunded
ORD1382,Deepak Verma,deepak.verma@mail.com,Jaipur,Keyboard,1,789,789,2016-08-16,Out for delivery,Refunded
ORD1369,Sana Gupta,sana.gupta@hotmail.com,Delhi,Smartwatch,1,8034,8034,2021/06/04,Pending,Unpaid
ORD1549,Ramesh Chowdhury,ramesh.chowdhurymail.com,Bengaluru,Charger,1,522,522,18 Dec 2021,Cancelled,Paid
ORD1312,Rita Devi,rita.devi@gmail.com,Pune,Printer,1,7653,7653,14.09.2023,Returned,Paid
ORD1007,Karan Iyer,karan.iyer@gmail.com,Hyderabad,Phone Case,2,259,518,19 December 2015,Delivered,Refunded
ORD1332,Vijay Khan,vijay.khan@hotmail.com,Chennai,Webcam,1,2256,2256,09/07/2023,Returned,Refunded
ORD1370,Sana Verma,sana.vermayahoo.com,Mumbai,Charger,3,514,1542,25/09/2016,In Transit,Unpaid
ORD1482,Sana Nair,sana.nair@outlook.com,Kolkata,Headphones,3,1687,5061,09 January 2016,Pending,Paid
ORD1376,Latika Kaur,latika.kaur@yahoo.com,Delhi,SSD,3,4753,7129,03-Jun-2020,Cancelled,Paid
ORD1405,Imran Sharma,imran.sharma@hotmail.com,Chennai,USB Cable,1,176,158,06-03-2022,Returned,COD
ORD1087,Priya Khan,priya.khan@yahoo.com,Mumbai,Power Bank,2,1224,1224,18-01-2017,Returned,Refunded
ORD1111,Neha Bose,neha.bose@outlook.com,Ahmedabad,Laptop,1,44319,44319,18/02/2015,Cancelled,Unpaid
ORD1266,Karan Kumar,karan.kumar@outlook.com,Delhi,Microphone,one,2766,2766,22/03/2015,Cancelled,Refunded
ORD1483,Pooja Khan,pooja.khan@gmail.com,Ahmedabad,Phone Case,2,288,576,2016/09/08,Delivered,Unpaid
ORD1368,Geeta Iyer,geeta.iyer@hotmail.com,Bengaluru,Speaker,one,1695,1695,21 May 2021,Returned,Refunded
ORD1182,Amit Patel,amit.patel@hotmail.com,Hyderabad,Speaker,2,2025,4050,Jul 13 2015,Cancelled,COD
ORD1146,Priya Iyer,,Lucknow,SSD,1,3902,3902,01.07.2021,Returned,Refunded
ORD1501,Rohit Gupta,rohit.gupta@outlook.com,Hyderabad,Graphic Card Plus,2,27874,55748,Dec 11 2016,Cancelled,COD
ORD1481,Priya Sharma,priya.sharmagmail.com,Delhi,Charger,2,553,1382,2019/10/26,In Transit,Unpaid
ORD1074,Pooja Reddy,pooja.reddy@outlook.com,Hyderabad,Monitor,1,8907,8907,09/07/2016,Delayed,Unpaid
ORD1040,Sneha Chowdhury,sneha.chowdhury@outlookcon,Kolkata,Smartwatch,2,6107,12214,20.01.2018,In Transit,Refunded
ORD1534,Akhil Reddy,akhil.reddy@outlook.com,Lucknow,Webcam,1,2051,2051,18-Jul-2018,Cancelled,Refunded
ORD1442,Rahul Iyer,rahul.iyer@gmail.com,Bengaluru,Monitor,1,8539,8539,2024/03/11,Out for delivery,COD
ORD1067,Sana Sharma,sana.sharma@gmail.com,Lucknoc,Graphic Card,1,25406,31757,09/05/2020,Delivered,Refunded
ORD1124,Sita Iyer,sita.iyer@gmail.com,Lucknow,Smartwatch,1,7423,7423,05-02-2021,Returned,Unpaid
ORD1136,Ritika Chowdhury,ritika.chowdhury@yahoo.com,Hyderabad,Printer - refurbished,1,8488,9336,13 June 2021,Returned,Unpaid
ORD1249,Karan Devi,karan.devi@hotmail.com,Bengaluru,Laptop,2,46401,92802,15-05-2023,Pending,Refunded
ORD1559,Ritika Verma,ritika.verma@outlook.com,Lucknow,Speaker,1,1854,1854,25.12.2023,Cancelled,Paid
ORD1061,Latika Iyer,latika.iyer@mail.com,Kolkata,SSD,1,4789,5986,24-Jun-2019,Pending,Paid
ORD1110,Arjun Singh,arjun.singh@mail.com,Pune,Power Bank,2,1128,2256,2016-05-16,Delivered,COD
ORD1427,Arjun Nair,arjun.nair@outlook.com,Kolkata,Microphone,1,2637,2637,2017-03-09,Out for delivery,Unpaid
ORD1287,Kamal Kapoor,kamal.kapoor@hotmail.com,Hyderabad,Tablet Pro,one,17193,17193,25-09-2016,Delayed,Refunded
ORD1551,Rahul Sharma,rahul.sharma@gmail.com,Mumbai,Printer,1,7961,7961,18/02/2022,Delayed,Refunded
ORD1012,Karan Sharma,karan.sharma@gmail.com,Jaipur,Monitor,3,8740,26220,Jun 21 2021,Pending,Paid
ORD1383,Rohit Gupta,rohit.gupta@yahoo.com,Kmlkata,Keyboard,1,915,915,26-09-2021,Out for delivery,Unpaid
ORD1084,Jaya Bose,jaya.bose@yahoo.com,Hyderabad,Microphone,1,3222,3222,14 May 2024,Returned,COD
ORD1091,Amit Iyer,amitiyer@outlook.com,Ahmedabad,SSD,2,4135,8270,2019/04/26,Out for delivery,Paid
ORD1282,Neha Patel,,Delhi,Monitor,2,,19482,Jul 24 2015,Pending,Paid
ORD1542,Sourav Kaur,sourav.kaur@outlook.com,Hyderabad,Monitor,one,9399,9399,31.12.2020,Delayed,Refunded
ORD1531,Neha Verma,neha.vermayahoo.com,Hyderabad,Graphic Card,3,23286,69858,Jul 29 2024,Cancelled,Paid
ORD1530,Karan Kaur,karan.kaur@yahoo.com,Delhi,Power Bank,1,1131,1131,2018-03-15,Returned,Paid
ORD1119,Imran Bose,imranbose@outlook.com,Pune,Laptop,1,40981,51226,Jul 24 2016,Cancelled,COD
ORD1080,Deepak Kapoor,deepak.kapoor@mail.com,Hyderabad,Tablet,1,14806,14806,Nov 11 2020,Pending,COD
ORD1024,Rohit Khan,rohit.khan@outlook.com,Jaipur,HDMI Cable,1,719,719,08.07.2022,Delivered,Paid
ORD1562,Ritika Patel,ritika.patel@gmail.com,Jaipur,Tablet,1,16154,16154,06-09-2024,Cancelled,Refunded
ORD1288,Rohit Kapoor,rohit.kapoor@hotmail.com,Delhi,Graphic Card,1,27195,27195,2022-07-04,Out for delivery,Refunded
ORD1323,Suresh Bose,suresh.bose@mail.com,Ahmedabad,USB Cable,1,174,217,Jun 16 2019,Cancelled,Unpaid
ORD1133,Ritika Devi,ritika.devi@gmail.com,Kolkana,Monitor,3,7980,23940,26 Aug 2015,Pending,Refunded
ORD1175,Sana Nair,sana.nair@gmail.com,Hyderabad,Keyboard,-1,697,-697,27.11.2017,Returned,Paid
ORD1339,Sourav Nair,sourav.nairmail.com,Mumbah,Power Bank,1,1323,1323,12.06.2016,Cancelled,Refunded
ORD1178,Sourav Singh,sourav.singh@gmail.com,Lucknow,Microphone,1,2615,2615,22 Nov 2017,Delivered,Unpaid
ORD1159,Karan Singh,karan.singh@hotmail.com,Pune,USB Cable,1,188,188,13-Aug-2022,Delivered,Paid
ORD1138,Sana Bose,sana.bose@outlook.com,Jaipur,SSD,2,4408,11020,2019-04-29,In Transit,COD
ORD1397,Meena Kumar,meena.kumar@yahoo.com,Kolkata,USB Cable,4,226,904,31.05.2016,Out for delivery,Refunded
ORD1010,Sneha Devi,,Kolkata,Router,2,3237,6474,2020-01-20,Delayed,Paid
ORD1572,Suresh Iyer,suresh.iyer@hotmail.com,Ahmedabad,Microphone,1,3151,3151,2017/11/04,In Transit,Unpaid
ORD1576,Vijay Singh,vijay.singh@hotmail.com,Hyderabad,Speaker,1,1614,1614,Jan 20 2022,Cancelled,COD
ORD1305,Ramesh Iyer,rameshiyer@mail.com,Pune,Power Bank,1,1067,1067,Jan 11 2021,Out for delivery,Unpaid
ORD1599,Deepak Khan,deepak.khan@yahoo.com,Pune,Router,2,3332,6664,2022-11-30,Pending,Unpaid
ORD1248,Pooja Kaur,pooja.kaur@mail.com,Hyderabsd,Phone Case,1,269,134,2021-10-13,Cancelled,COD
ORD1085,Sana Khan,sana.khan@outlookcon,Lucknow,Headphones Pro,2,1568,3136,01/06/2020,Out for delivery,Unpaid
ORD1189,Rita Kaur,rita.kaur@hotmail.com,Ahmedabad,Charger,1,,536,2022-12-04,Pending,Paid
ORD1200,Rohit Chowdhury,rohitchowdhury@gmail.com,Benvaluru,Router,1,3259,3259,04/10/2024,In Transit,Refunded
ORD1210,Rohit Verma,rohit.verma@yahoo.com,Jaipur,Webcam,1,2345,2345,Feb 15 2021,Delayed,Refunded
ORD1328,Deepak Sharma,deepaksharma@outlook.com,Mumbai,Smartwatch,1,7153,7153,14-Nov-2018,Delayed,Refunded
ORD1487,Meena Sharma,,Chennai,Laptop,1,39158,39158,03 Jun 2017,Cancelled,Unpaid
ORD1183,Vijay Chowdhury,vijay.chowdhury@gmail.com,Lucknow,Speaker,1,1971,1971,Dec 21 2023,Out for delivery,Paid
ORD1076,Geeta Kapoor,geeta.kapoor@hotmail.com,Mumnai,Tablet,3,14053,42159,01 Jul 2020,Pending,Refunded
ORD1093,Suresh Kumar,suresh.kumar@outlook.com,Mumbai,Speaker,1,1656,1656,2024-10-07,Delayed,Paid
ORD1303,Ritika Bose,ritika.bose@hotmail.com,Chhnnai,Ink Cartridge,1,918,1009,04 Sep 2022,Pending,Refunded
ORD1069,Sneha Nair,sneha.nair@hotmail.com,Ahmedabad,Microphone,1,2855,2855,04/11/2022,Out for delivery,COD
ORD1016,Vijay Chowdhury,vijay.chowdhury@outlook.com,Chennai,Headphones,1,1671,1671,05/05/2023,In Transit,Refunded
ORD1569,Anita Kumar,anita.kumar@outlook.com,Ahmedabad,Printer,1,8731,8731,May 27 2020,Pending,COD
ORD1588,Vikas Iyer,vikas.iyer@gmail.com,Hyderabad,Monitor,1,7836,7836,2018-06-13,Cancelled,Refunded
ORD1089,Sana Verma,sana.verma@mail.com,Chenqai,Webcam,1,2446,2446,03-Feb-2020,Returned,COD
ORD1513,Anita Bose,,Jaipur,Ink Cartridge - refurbished,1,899,899,18-08-2016,Out for delivery,Unpaid
ORD1118,Akhil Kapoor,akhil.kapoor@gmail.com,Pune,SSD ,1,4572,4572,25-11-2019,Delayed,Unpaid
ORD1394,Geeta Reddy,geeta.reddy@yahoo.com,Hyderabad,Keyboard,1,798,798,08 May 2016,In Transit,Unpaid
ORD1418,Rita Singh,rita.singh@gmail.com,Mumbai,Printer,1,6909,6909,18.07.2018,Delivered,COD
ORD1034,Amit Kumar,amit.kumar@yahoo.com,Bengaluru,Microphone,one,2971,2971,Aug 06 2019,In Transit,Refunded
ORD1001,Imran,imran.devi@gmail.com,Delhi,HDMI Cable,1,1668,1668,18-Feb-2016,Pending,Unpaid
ORD1497,Sahil Chowdhury,sahil.chowdhurymail.com,Bengaluru,Router,2,3313,6626,2021/05/28,Cancelled,Unpaid
ORD1468,Sneha Gupta,sneha.gupta@gmail.com,Kolkata,Smartwatch,1,7104,7104,28/05/2016,Returned,COD
ORD1355,Anita Devi,anita.devi@mail.com,Mumbai,Headphones,3,1306,3918,2018-04-07,Pending,Unpaid
ORD1341,Ritika Khan,ritika.khan@mail.com,Jaipur,Microphone,1,3112,3112,2016-01-16,Delivered,Paid
ORD1250,Ritika Sharma,ritika.sharma@outlook.com,Pune,Headphones,2,1534,3068,Sep 10 2015,Cancelled,COD
ORD1258,Sneha Chowdhury,sneha.chowdhury@mail.com,Mumbai,Charger,1,522,522,Jan 06 2022,Delivered,Unpaid
ORD1023,Rita Kaur,ritakaur@outlook.com,Jaipur,Laptop,1,43385,43385,10-Jan-2019,In Transit,Refunded
ORD1585,Latika Sharma,latika.sharma@hotmail.com,Ahmedabad,Printer,1,7161,7161,02-Nov-2017,Delayed,Unpaid
ORD1117,Sourav Chowdhury,sourav.chowdhury@yahoo.com,Hyderabad,Webcam,1,2193,2193,04.02.2018,Cancelled,Refunded
ORD1090,Kamal Kaur,kamal.kaur@gmail.com,Kolkata,Graphic Card,1,24675,24675,07/04/2020,Cancelled,COD
ORD1421,Arjun Bose,arjun.bose@gmail.com,Bengaluru,Headphones,1,1401,1401,2016-01-31,Delivered,Unpaid
ORD1297,Akhil Chowdhury,akhil.chowdhury@mail.com,Ahmedabad,USB Cable,1,175,175,28/02/2018,Out for delivery,Refunded
ORD1019,Akhil Gupta,akhil.gupta@hotmail.com,Ahmedabad,Headphones,1,1410,1410,01 February 2015,In Transit,COD
ORD1213,Rita Gupta,rita.gupta@gmail.com,Ahmedabad,Mouse,1,543,543,2020-09-28,In Transit,Unpaid
ORD1329,Amit Bose,amit.bose@mail.com,Ahmedabad,Power Bank,1,1036,1036,Jan 19 2020,Cancelled,COD
ORD1145,Sana,sana.singh@yahoo.com,Delhi,Monitor,1,9152,9152,08.09.2024,In Transit,Refunded
ORD1311,Amit Kumar,amit.kumar@mail.com,Kolkata,Tablet,1,15583,15583,2018-05-05,Out for delivery,Refunded
ORD1281,Geeta Bose,geeta.bose@gmail.com,Kolkata,Laptop,one,42950,42950,Aug 22 2016,Delayed,Refunded
ORD1552,Anita Patel,anita.patel@hotmail.com,Delhi,Power Bank,2,1114,2228,13/11/2019,Cancelled,Paid
ORD1371,Karan Iyer,karan.iyer@yahoo.com,Bengaluru,Graphic Card,1,26188,26188,2018/07/15,Cancelled,Refunded
ORD1260,Sana Sharma,,Mcmbai,Charger,1,542,542,Apr 20 2019,Delayed,Unpaid
ORD1302,Imran Kapoor,imran.kapoor@yahoo.com,Kolknta,Keyboard,1,828,828,03 October 2016,Delivered,COD
ORD1229,Amit Devi,amit.devi@outlook.com,Lucknow,Ink Cartridge,1,770,770,12-09-2023,Pending,COD
ORD1413,Neha Gupta,neha.gupta@gmail.com,Chennai,Monitor,1,8626,8626,2024/08/15,Delivered,COD
ORD1168,Sneha Khan,sneha.khan@mail.com,Bengaluru,SSD,1,4806,4806,28.01.2017,Returned,COD
ORD1055,Geeta Reddy,,Jaipur,Tablet,1,15752,15752,Jul 07 2019,Returned,Paid
ORD1578,Sourav Nair,sourav.nair@outlook.com,Bengaludu,Mouse,2,484,968,2017-05-07,Delivered,Refunded
ORD1047,Sahil Verma,sahil.verma@mail.com,Ahmedabad,Mouse,3,517,1551,2018/03/21,Delivered,COD
ORD1094,Vijay Sharma,vijay.sharma@mail.com,Jaipur,Headphones,1,1525,1525,11.12.2018,Cancelled,Refunded
ORD1546,Sneha Devi,sneha.devi@hotmail.com,Bengaluru,Webcam,2,,4598,26-11-2024,Out for delivery,Paid
ORD1109,Neha Reddy,neha.reddy@mail.com,Hyderabad,Speaker,1,1947,1947,2020-09-10,Pending,COD
ORD1279,Ramesh Khan,rameshkhan@yahoo.com,Hyderabad,Keyboard,1,749,749,11-Dec-2015,Returned,Unpaid
ORD1303,Ritika Bose,ritika.bose@hotmail.com,Chhnnai,Ink Cartridge,1,918,1009,04 Sep 2022,Pending,Refunded
ORD1494,Sahil Gupta,sahil.gupta@hotmail.com,Jaipur,Laptop,1,48661,48661,2020-06-05,Returned,Paid
ORD1450,Sneha Iyer,,Mumbai,Charger,1,552,552,02 Sep 2016,In Transit,Refunded
ORD1470,Vijay Iyer,,Lucknow,Phone Case,1,301,301,Nov 28 2022,Returned,Paid
ORD1524,Kamal Nair,kamal.nair@outlookcon,Jaipur,Speaker,1,1806,1806,22 Nov 2016,Out for delivery,COD
ORD1299,Sourav Patel,sourav.patel@gmail.com,Kolkata,Microphone,2,3341,6682,22.08.2019,Delayed,Paid
ORD1528,Sourav Kapoor,sourav.kapoor@hotmail.com,Bengaluru,Laptop,1,50132,50132,01 February 2023,In Transit,COD
ORD1272,Rita Patel,rita.patel@yahoo.com,Kolkata,Headphones,5,1327,6635,2021/07/11,Pending,Refunded
ORD1350,Anita Iyer,anita.iyer@hotmail.com,Bengaluru,Microphone,1,2866,2866,2020/04/19,Returned,COD
ORD1486,Vikas Nair,vikas.nair@mail.com,Mumbai,Smartwatch,2,7907,15814,23 Aug 2018,Pending,Paid
ORD1070,Akhil Nair,akhil.nair@hotmail.com,Pune,SSD,2,3623,7246,14.01.2019,Returned,Refunded
ORD1577,Sana Chowdhury,sana.chowdhury@outlook.com,Pune,Router,1,3632,3632,20-11-2022,Delayed,Refunded
ORD1416,Latika Iyer,latika.iyer@outlook.com,Lucknow,Phone Case,1,292,292,11 Feb 2016,Returned,Refunded
ORD1285,Rita Verma,rita.verma@gmail.com,Pune,Ink Cartridge,2,,1688,13 August 2017,Returned,Refunded
ORD1539,Sana Chowdhury,sana.chowdhury@yahoo.com,Lucknow,Monitor,1,8312,8312,21/08/2023,Cancelled,COD
ORD1209,Ramesh Patel,ramesh.patel@gmail.com,Pune,USB Cable(used),1,180,180,18-Apr-2023,Out for delivery,COD
ORD1262,Vikas Bose,vikas.bose@yahoo.com,Pune,Tablet,2,13468,26936,09 September 2015,Cancelled,COD
ORD1150,Deepak Patel,deepak.patel@outlook.com,Mumbai,Tablet,1,15663,15663,Mar 06 2015,Pending,COD
ORD1125,Amit Patel,amit.patel@outlook.com,Delhi,Smartwatch,1,6902,6902,2018/07/20,Cancelled,Unpaid
ORD1454,Vijay Patel,vijay.patel@hotmail.com,Hyderabad,Printer,1,8439,8439,08-Aug-2016,Out for delivery,Unpaid
ORD1480,Rita Singh,rita.singh@outlook.com,Bengaluru,Power Bank,1,1062,1062,2020-09-29,Pending,Refunded
ORD1186,Suresh Kapoor,suresh.kapoor@gmail.com,Chennar,Graphic Card - refurbished,2,26382,52764,15/11/2021,Delivered,Unpaid
ORD1375,Sahil,sahilchowdhury@yahoo.com,Chennai,SSD,1,4349,4349,2020-05-30,Returned,Refunded
ORD1361,Meena Kaur,meena.kaur@gmail.com,Chennai,Webcam,1,2469,2469,06 Apr 2015,Out for delivery,Paid
ORD1589,Jaya Kapoor,jayakapoor@outlook.com,Kolkata,SSD,1,3811,3811,Dec 01 2020,Delivered,Refunded
ORD1547,Pooja Bose,poojabose@gmail.com,Bengaluru,SSD,1,4607,4607,15/01/2017,Returned,Unpaid
ORD1396,Priya Iyer,priyaiyer@outlook.com,Pune,Speaker,-1,1691,-1691,2017/02/15,Returned,COD
ORD1032,Rita Bose,rita.bose@outlook.com,Lucknow,Speaker,1,2020,2020,06 Sep 2021,Out for delivery,COD
ORD1458,Priya Patel,priya.patel@outlook.com,Lucknow,Router,1,3877,3877,06-Dec-2019,Pending,Paid
ORD1438,Karan Khan,karankhan@outlook.com,Kogkata,SSD,1,3661,3661,2019/04/03,Pending,COD
ORD1579,Suresh Khan,suresh.khan@outlook.com,Lucknow,USB Cable,1,212,212,2015-03-30,Pending,COD
ORD1469,Kamal Kumar,kamal.kumar@gmail.com,Mumbai,Charger,1,451,451,02/01/2019,Returned,Unpaid
ORD1280,Mohan Verma,mohan.verma@hotmail.com,Mumbai,Charger,2,466,932,14-Sep-2019,In Transit,Unpaid
ORD1115,Jaya Reddy,jaya.reddy@gmail.com,Ahmedabad,Mouse,5,469,2345,16 Feb 2020,In Transit,COD
ORD1204,Mohan Verma,mohan.verma@outlook.com,Chennai,Graphic Card ,1,23385,23385,25 February 2024,In Transit,Refunded
ORD1142,Sita Khan,sita.khan@gmail.com,Jaipur,Tablet,1,13186,13186,Mar 29 2022,In Transit,Paid
ORD1443,Vikas Nair,vikas.nair@gmail.com,Pune,Router,1,3786,3786,11 Feb 2016,In Transit,COD
ORD1008,Rita Bose,rita.bose@yahoo.com,Hyderabad,Microphone,1,2956,2956,2015-10-20,In Transit,Paid
ORD1532,Mohan Kaur,mohankaur@yahoo.com,Delhi,USB Cable,1,223,223,24-Jun-2018,Delivered,Unpaid
ORD1020,Anita Nair,anita.nair@gmail.com,Delhi,Webcam,1,2018,2018,11 May 2015,Delivered,Unpaid
ORD1173,Geeta Kapoor,geeta.kapoor@mail.com,Mumbai,Mouse,2,491,982,2021-12-18,Returned,Unpaid
ORD1466,Imran Kumar,imran.kumar@gmail.com,Mumbai,Charger,1,506,506,2023-07-30,Cancelled,Paid
ORD1057,Mohan Iyer,mohan.iyer@hotmail.com,Jaipur,Speaker,2,1572,3144,12-Jun-2023,In Transit,Unpaid
ORD1432,Ramesh Reddy,,Bengaluru,HDMI Cable,1,3182,3182,17-Feb-2016,Delivered,Refunded
ORD1345,Suresh,suresh.verma@hotmail.com,Bengaluru,Smartwatch,1,6290,6290,07 Dec 2023,Delivered,Refunded
ORD1465,Akhil Kumar,akhil.kumar@yahoo.com,Ahmedabad,SSD,1,4669,4669,2018-04-24,Delivered,Unpaid
ORD1445,Amit,amit.patel@outlook.com,Delhi,Charger,1,555,555,Oct 12 2017,Delivered,Refunded
ORD1319,Sita Bose,sita.bose@mail.com,Lucknow,Ink Cartridge,2,849,1698,29/12/2019,Delayed,Refunded
ORD1050,Sneha Nair,sneha.nair@mail.com,Pune,Speaker,1,1900,1900,21-Jan-2020,Delivered,Paid
ORD1273,Priya Iyer,priya.iyer@gmail.com,Pune,Power Bank,1,1021,1021,2020-10-09,In Transit,COD
ORD1026,Suresh Verma,suresh.verma@gmail.com,Jaipur,Laptop,2,46023,92046,Apr 17 2019,Out for delivery,Unpaid
ORD1457,Karan,karan.sharma@mail.com,Kolkata,Phone Case,3,,954,12/02/2024,Out for delivery,Unpaid
ORD1221,Sourav Kumar,sourav.kumaroutlook.com,Bengaluru,SSD,2,3594,7188,2022-05-13,Out for delivery,Unpaid
ORD1357,Arjun Singh,arjun.singh@mail.com,Pune,Printer,1,8569,8569,17-12-2024,Out for delivery,COD
ORD1597,Akhil Singh,akhil.singh@gmail.com,Lucknow,Router,1,3174,3174,05/09/2020,Out for delivery,Refunded
ORD1246,Sana Sharma,sana.sharma@gmail.com,Jaipur,Smartwatch ,1,6904,6904,12 Apr 2024,Out for delivery,Refunded
ORD1043,Meena Singh,meena.singh@outlook.com,Hyderabad,Printer,1,9182,9182,2024-05-22,Cancelled,Refunded
ORD1429,Vijay Chowdhury,vijay.chowdhury@gmail.com,Mumbai,Ink Cartridge,2,704,1408,29.01.2022,Returned,Paid
ORD1412,Amit Devi,amit.devi@mail.com,Hyderabad,Charger,1,539,539,16 Aug 2020,Out for delivery,Refunded
ORD1410,Vijay Nair,vijay.nair@outlook.com,Pune,Headphones,3,1376,4128,2018-03-30,In Transit,Paid
ORD1290,Rohit Kapoor,rohit.kapoor@hotmail.com,Jaipur,Keyboard,1,880,880,2023/05/28,Returned,Paid
ORD1553,Rita Devi,rita.devi@mail.com,Lucknow,USB Cable,1,219,219,2015-04-09,Pending,COD
ORD1488,Neha Iyer,neha.iyer@hotmail.com,Jaipur,SSD,1,4176,4176,05-05-2016,Delayed,COD
ORD1424,Akhil Khan,akhil.khan@mail.com,Bengaluru,Microphone - refurbished,3,3040,9120,2016/09/18,Cancelled,Unpaid
ORD1155,Rahul Kaur,rahul.kaur@hotmail.com,Kxlkata,Tablet,1,13332,11998,2019-11-24,Out for delivery,Refunded
ORD1127,Neha Kumar,neha.kumar@outlook.com,Mumbai,HDMI Cable,1,6485,6485,2023-02-28,In Transit,COD
ORD1353,Arjun Devi,arjun.devi@hotmail.com,Ahmedabad,USB Cable,1,196,196,2019/04/14,Pending,Unpaid
ORD1114,Rita Reddy,,Pune,Tablet,1,13122,13122,14 August 2023,Pending,COD
ORD1174,Ritika Bose,ritika.bose@hotmail.com,Bengaluru,USB Cable,3,199,597,16.12.2016,Delayed,Paid
ORD1058,Ramesh Singh,ramesh.singh@gmail.com,Delhi,Headphones,1,1483,1483,31 July 2021,Out for delivery,COD
ORD1330,Kamal Bose,kamal.bose@gmail.com,Lucknow,Laptop - refurbished,1,47136,47136,18-Apr-2015,In Transit,Unpaid
ORD1223,Akhil Iyer,akhil.iyer@outlook.com,Jaipur,Webcam,1,2028,2028,02 Aug 2018,Returned,COD
ORD1018,Karan Devi,karan.devi@outlook.com,Ahmedabad,Laptop,1,50745,50745,2023/02/24,Cancelled,Unpaid
ORD1306,Geeta Iyer,geeta.iyer@hotmail.com,Pune,Charger Plus,1,551,551,13-01-2024,Out for delivery,Paid
ORD1256,Rita Iyer,rita.iyer@hotmail.com,Delvi,SSD,1,4645,4645,07.07.2024,Out for delivery,COD
ORD1313,Geeta,geeta.nair@outlook.com,Kolkata,USB Cable,4,173,692,28 December 2017,Delayed,Paid
ORD1586,Rahul Iyer,rahul.iyer@gmail.com,Hyderabad,USB Cable,1,226,226,Oct 28 2015,In Transit,COD
ORD1191,Karan Reddy,karan.reddy@yahoo.com,Mumbac,Headphones,2,1723,3446,2019-01-16,Cancelled,Refunded
ORD1463,Deepak Singh,deepak.singh@hotmail.com,Kolkata,Smartwatch,1,7648,7648,11.08.2021,Delivered,Paid
ORD1538,Anita Khan,anita.khan@outlook.com,Mumbai,Speaker,4,1664,6656,Aug 27 2021,Out for delivery,Paid
ORD1278,Neha Kumar,neha.kumar@gmail.com,Jaipur,SSD,1,4175,4175,2017-12-22,Cancelled,Refunded
ORD1095,Ramesh Bose,ramesh.bose@outlook.com,Lucknow,Graphic Card,1,24163,21746,14 Oct 2018,Cancelled,Paid
ORD1181,Sahil Chowdhury,sahil.chowdhury@hotmail.com,Hyderabad,Graphic Card,2,26220,52440,16-02-2024,Returned,Unpaid
ORD1448,Anita Sharma,anita.sharma@hotmailcon,Pune,Smartwatch,4,5993,23972,2024-12-18,Delivered,Unpaid
ORD1337,Deepak Kaur,deepak.kaurgmail.com,Hyderabad,USB Cable,one,217,217,24 Feb 2024,Cancelled,Unpaid
ORD1320,Jaya Sharma,jaya.sharma@hotmail.com,Delki,Charger,1,474,474,06-08-2024,Pending,Refunded
ORD1006,Rita Bose,rita.bose@hotmail.com,Kolkata,Microphone,2,3408,6816,13-Jan-2018,Returned,Unpaid
ORD1046,Rohit Chowdhury,rohit.chowdhury@hotmailcon,jucknow,Power Bank,1,1253,1253,2020-04-15,Cancelled,COD
ORD1301,Ritika Nair,ritika.nair@yahoo.com,Hyderabad,Microphone,1,3336,3336,10.01.2017,Cancelled,COD
ORD1400,Neha Singh,neha.singh@hotmail.com,Mumbai,Phone Case,1,278,278,2019/01/07,Cancelled,Refunded
ORD1391,Vijay Chowdhury,vijay.chowdhury@outlookcon,Lucknow,Charger,1,445,445,30-01-2018,Delivered,COD
ORD1017,Jaya Patel,jaya.patel@yahoo.com,Bengaluru,Monitor,1,8598,8598,Sep 14 2022,Delayed,COD
ORD1049,Rita Patel,rita.patel@yahoo.com,Hyderabad,Webcam,1,2083,2083,02-Sep-2015,Pending,Refunded
ORD1592,Sahil Bose,sahil.bose@hotmail.com,Pune,Power Bank,1,1240,1240,21 Aug 2016,Pending,Paid
ORD1502,Sneha Kaur,sneha.kaur@hotmail.com,Chennai,Speaker,2,,3252,2015/03/15,Pending,Refunded
ORD1004,Rohit Patel,rohit.patel@mail.com,Mumbai,Webcam,1,2401,2401,29-10-2015,Pending,COD
ORD1335,Deepak Kapoor,deepak.kapoor@mail.com,Hyuerabad,Router,-1,,-3261,2018-09-09,In Transit,Unpaid
ORD1452,Jaya Patel,jaya.patel@gmail.com,Pune,Charger,1,568,568,14 Jul 2022,Pending,COD
ORD1600,Vijay Kumar,vijay.kumar@hotmail.com,Jaipur,Power Bank Plus,1,1210,1210,31-03-2023,In Transit,Paid
ORD1447,Vijay Kapoor,vijay.kapoor@outlook.com,Bengaluru,Tablet,1,13519,13519,23 March 2022,In Transit,COD
ORD1317,Vikas Singh,vikas.singh@mail.com,Jaipur,Microphone,1,3344,3344,Jun 17 2019,Out for delivery,COD
ORD1226,Latika Singh,latikasingh@yahoo.com,Jaipur,Tablet,2,16650,33300,17-Nov-2019,Out for delivery,Paid
ORD1027,Jaya Reddy,jaya.reddy@outlook.com,Mumbai,Smartwatch,3,6171,18513,2022-03-18,Delayed,Refunded
ORD1437,Deepak Verma,deepak.verma@outlook.com,Bengaluru,Power Bank,1,1238,1238,11-Jun-2021,In Transit,COD
ORD1264,Suresh Kaur,suresh.kaur@yahoo.com,Hyderabad,Router,1,3327,3327,2021/06/17,Delivered,COD
ORD1051,Sana Devi,sana.devi@gmail.com,Chennai,Smartwatch,1,7814,7814,2024/05/12,Out for delivery,Refunded
ORD1230,Meena Nair,meena.nair@yahoo.com,Jaipur,Router,2,3456,6912,06 March 2021,Delayed,Paid
ORD1038,Rita Sharma,rita.sharma@outlook.com,Kolkata,Monitor,2,9736,19472,23 November 2018,Delayed,COD
ORD1158,Rohit Devi,rohit.devi@mail.com,Mumbai,Phone Case,1,313,313,Feb 09 2018,Returned,Unpaid
ORD1238,Karan Devi,,Delhi,Power Bank,1,1340,1340,04 Sep 2023,Cancelled,COD
ORD1587,Priya Reddy,priya.reddy@mail.com,Bengaluru,Webcam,1,2308,2308,2020-01-27,Delivered,Paid
ORD1176,Suresh Devi,sureshdevi@mail.com,Lrcknow,Mouse,1,543,543,20.01.2016,In Transit,Refunded
ORD1514,Anita Sharma,anita.sharma@outlook.com,Delhi,SSD,1,4396,2198,18 February 2024,Delivered,Unpaid
ORD1358,Latika Sharma,latika.sharma@mail.com,Kolkata,Router,2,3281,6562,2022/11/29,Cancelled,Unpaid
ORD1195,Amit Nair,amit.nair@outlook.com,Mumbai,Tablet,1,15543,15543,17 Dec 2024,Returned,COD
ORD1516,Sana Kumar,sana.kumar@outlook.com,Hyderabad,Keyboard,1,740,740,2018/05/28,Delayed,Paid
ORD1334,Suresh Patel,,Jaipur,Router,2,4024,8048,20.06.2017,Returned,COD
ORD1591,Sahil Patel,sahil.patel@mail.com,Pune,Monitor,2,9975,19950,05-05-2015,Delayed,Unpaid
ORD1522,Anita Bose,anita.bose@outlook.com,Jaipur,Router,1,3784,3784,13 July 2022,Cancelled,COD
ORD1068,Anita Chowdhury,anita.chowdhury@outlook.com,Kolkata,Monitor,1,7749,7749,15 December 2023,Pending,Paid
ORD1328,Deepak Sharma,deepaksharma@outlook.com,Mumbai,Smartwatch,1,7153,7153,14-Nov-2018,Delayed,Refunded
ORD1169,Rahul Reddy,rahulreddy@gmail.com,Chennai,Router,1,4007,4007,21 September 2016,Delayed,Paid
ORD1333,Kamal Nair,kamal.nair@gmail.com,Bengaluru,Printer,2,7870,15740,10.09.2020,Pending,Unpaid
ORD1163,Vijay Kapoor,,Pune,Tablet,1,13086,13086,13 Oct 2017,In Transit,COD
ORD1310,Imran Sharma,imran.sharma@gmail.com,Bengaluru,Ink Cartridge,1,766,766,16.03.2019,Returned,Unpaid
ORD1194,Latika Verma,latikaverma@hotmail.com,Hyderabad,USB Cable,3,185,555,29 Sep 2022,Pending,Refunded
ORD1153,Vijay Reddy,vijay.reddy@yahoo.com,Lucknow,Headphones,1,1569,1569,02 August 2017,Cancelled,COD
ORD1336,Mohan Verma,mohan.verma@outlook.com,Delhi,HDMI Cable,2,790,1580,28-01-2020,Cancelled,Paid
ORD1347,Priya Kumar,priya.kumar@yahoo.com,Chennai,Phone Case,2,275,550,2022-06-30,Pending,Refunded
ORD1500,Kamal Bose,kamal.bose@mail.com,baipur,Tablet,2,13506,27012,05 July 2017,Delivered,Unpaid
ORD1342,Latika Kumar,latikakumar@mail.com,Jaipur,Smartwatch,2,,15530,2022/01/29,Delivered,Refunded
ORD1104,Geeta,geeta.patel@gmail.com,Lucknow,Graphic Card,1,22024,22024,19-Apr-2021,Delivered,COD
ORD1403,Amit Kaur,amit.kaur@outlook.com,Kolkata,Ink Cartridge,1,847,847,05-Aug-2015,Returned,Paid
ORD1075,Karan Iyer,karan.iyer@hotmail.com,Lucknow,Router,1,3631,3267,2016/02/17,Returned,Unpaid
ORD1435,Suresh Chowdhury,suresh.chowdhury@gmail.com,Jaipur,Ink Cartridge,1,681,681,08 Dec 2017,Delivered,Unpaid
ORD1590,Vikas Nair,,Jaipur,Laptop,1,38509,38509,09-May-2020,Out for delivery,Refunded
ORD1120,Geeta Singh,geeta.singh@outlookcon,Pune,Monitor,1,9252,9252,27-01-2020,Delivered,Paid
ORD1399,Mohan Singh,mohan.singh@outlook.com,Lecknow,Ink Cartridge,2,725,1450,19 Feb 2022,Cancelled,Unpaid
ORD1422,Pooja Kumar,pooja.kumar@hotmail.com,Kolkata,Microphone,1,3011,3011,2018-08-07,In Transit,Paid
ORD1496,Imran Singh,imran.singh@hotmail.com,Delhi,Mouse,1,529,529,28/07/2023,Delivered,Unpaid
ORD1208,Jaya Bose,jaya.bose@gmail.com,Hyderabad,Keyboard,1,765,765,2021/02/04,Delayed,Paid
ORD1491,Imran Kumar,imran.kumar@mail.com,Lucknow,Speaker Plus,1,1686,1686,2019-04-11,In Transit,Refunded
ORD1363,Suresh Khan,sureshkhan@gmail.com,Jaipur,Tablet,2,15956,31912,14.08.2024,Returned,Unpaid
ORD1351,Vijay Devi,vijay.devi@hotmail.com,Bengaluru,Webcam,1,1948,1948,Mar 16 2021,Pending,COD
ORD1417,Mohan Kaur,mohan.kaur@outlook.com,Kolkata,Keyboard,1,835,835,19-04-2016,Delivered,Paid
ORD1009,Latika Kaur,latika.kaur@yahoo.com,Jaipur,Tablet,2,16280,32560,2017-03-20,Delivered,Paid
ORD1389,Ritika Sharma,ritika.sharma@hotmailcon,Jaipur,Webcam,1,2048,2048,Oct 02 2022,Returned,Refunded
ORD1037,Mohan Kaur,mohankaur@gmail.com,Kolkata,Phone Case,1,255,255,Aug 08 2017,Delayed,Paid
ORD1140,Anita Iyer,anita.iyer@outlook.com,Dedhi,Tablet,1,15679,15679,27-11-2016,Out for delivery,Paid
ORD1254,Sita Patel,sita.patel@hotmail.com,Chennai,Ink Cartridge - refurbished,1,722,722,11/09/2016,Returned,Refunded
ORD1304,Mohan Gupta,mohan.gupta@yahoo.com,Bengaluru,Monitor,one,9153,9153,2017-09-18,Out for delivery,COD
ORD1550,Mohan Gupta,mohan.gupta@hotmail.com,Kolkata,Phone Case,1,317,317,2021-09-15,Returned,COD
ORD1060,Mohan Devi,mohan.devimail.com,Pune,Graphic Card,1,25823,25823,2018/04/03,Out for delivery,Refunded
ORD1112,Latika Chowdhury,latika.chowdhury@outlook.com,Jaipur,Speaker,1,1591,1591,20/03/2020,Returned,Unpaid
ORD1364,Vijay Verma,vijay.verma@hotmail.com,Mumbai,Ink Cartridge,1,787,787,27.05.2023,Pending,Paid
ORD1420,Karan Verma,karan.verma@mail.com,Kolkata,Power Bank,2,1149,2872,2019-11-30,Delivered,Refunded
ORD1365,Ramesh Gupta,ramesh.gupta@yahoo.com,Pune,Power Bank,1,1120,1120,2023/08/11,Delivered,Refunded
ORD1263,Pooja Reddy,poojareddy@gmail.com,Jaipur,Power Bank,1,1091,545,26.09.2018,Pending,Paid
ORD1507,Sourav Sharma,sourav.sharma@mail.com,Chennai,Headphones,1,1391,1391,13-02-2016,Out for delivery,COD
ORD1298,Ramesh Khan,ramesh.khan@outlookcon,Jaipur,Keyboard,2,845,845,08/10/2017,In Transit,Refunded
ORD1151,Latika Reddy,latika.reddy@mail.com,Hyderabad,HDMI Cable,1,10252,5126,Apr 17 2016,Out for delivery,Paid
ORD1267,Kamal Kumar,kamal.kumar@outlook.com,Kolyata,SSD,1,4456,4456,12-Feb-2022,Delivered,Refunded
ORD1529,Sneha Gupta,sneha.guptahotmail.com,Bengaluru,Charger,1,425,425,14-Oct-2020,Cancelled,Refunded
ORD1541,Karan Chowdhury,karan.chowdhury@hotmail.com,Delhi,Monitor,1,7898,7898,2016-05-05,Returned,Unpaid
ORD1039,Rohit Kaur,rohit.kaur@hotmail.com,Ahmedabad,Webcam,1,1898,1898,2022-12-28,Delayed,Refunded
ORD1444,Vikas Chowdhury,vikas.chowdhury@outlook.com,Jaipur,Graphic Card,2,27688,55376,2018/07/31,Cancelled,Refunded
ORD1308,Amit Singh,,Delhi,Speaker,-3,1848,-5544,Jun 20 2024,In Transit,Unpaid
ORD1199,Sana Devi,sana.devi@hotmail.com,Jaipjr,HDMI Cable,1,3498,3498,23-09-2018,Cancelled,Refunded
ORD1479,Neha Khan,neha.khan@yahoo.com,Hyderabad,Mouse,3,491,1473,06 Sep 2019,In Transit,Paid
ORD1366,Arjun Nair,arjun.nair@yahoo.com,Pune,Laptop,1,49993,49993,29 Mar 2017,Delivered,Unpaid
ORD1147,Sourav Iyer,souraviyer@hotmail.com,Bengaluru,Tablet,1,17126,17126,14/06/2018,Cancelled,Refunded
ORD1574,Pooja Kapoor,pooja.kapoor@outlook.com,Mumbai,Graphic Card,1,22660,22660,Sep 02 2021,Cancelled,Unpaid
ORD1543,Latika Bose,latika.bose@hotmail.com,Jaipur,SSD,2,3762,7524,24-05-2017,In Transit,Unpaid
ORD1148,Sneha Khan,sneha.khan@gmail.com,Lucknow,Speaker,1,1951,1951,17 June 2021,Delivered,Unpaid
ORD1433,Vikas Nair,vikas.nair@hotmail.com,Chennai,HDMI Cable,2,4504,9008,28/04/2019,Delayed,COD
ORD1349,Vijay Nair,vijay.nair@mail.com,Hyderabad,Graphic Card,1,26617,26617,03 Feb 2018,Returned,Refunded
ORD1326,Jaya Nair,jaya.nair@mail.com,Bengaluru,Printer,5,8327,41635,23-10-2022,Out for delivery,Refunded
ORD1404,Geeta Gupta,geeta.gupta@outlookcon,Jaipur,USB Cable,2,210,462,Dec 13 2023,Returned,Refunded
ORD1124,Sita Iyer,sita.iyer@gmail.com,Lucknow,Smartwatch,1,7423,7423,05-02-2021,Returned,Unpaid
ORD1515,Imran Devi,imran.devi@mail.com,Pune,Power Bank,1,1369,1369,2017-02-01,Out for delivery,Refunded
ORD1097,Sourav,sourav.khan@mail.com,Pune,Power Bank,1,1153,1153,23.05.2021,Delayed,Unpaid
ORD1144,Pooja Kapoor,pooja.kapoor@yahoo.com,Mumbai,Graphic Card,2,28003,56006,2022-09-06,Returned,Unpaid
ORD1240,Sita Devi,sita.devi@outlook.com,Pune,Ink Cartridge,2,754,1508,29 January 2023,Delayed,Paid
ORD1474,Neha Bose,neha.bose@mail.com,Bengaluru,SSD,-2,,,02-03-2024,Delayed,Paid
ORD1098,Rita Nair,rita.nair@hotmail.com,Pune,Microphone ,1,3209,3209,2016-08-26,Cancelled,Refunded
ORD1372,Rahul Sharma,rahulsharma@outlook.com,Lucknow,Smartwatch,1,7489,7489,14 Apr 2019,Pending,Unpaid
ORD1325,Rita Chowdhury,rita.chowdhury@mail.com,Jaipur,Charger,1,501,501,04.10.2018,Returned,Unpaid
ORD1280,Mohan Verma,mohan.verma@hotmail.com,Mumbai,Charger,2,466,932,14-Sep-2019,In Transit,Unpaid
ORD1294,Deepak Nair,deepak.nair@outlook.com,Ahmedabad,Printer,1,8053,8053,27/09/2016,Pending,Unpaid
ORD1595,Vikas Kumar,vikas.kumar@gmail.com,Jaipur,Monitor,2,8358,16716,20 Feb 2020,In Transit,Refunded
ORD1123,Arjun Iyer,arjun.iyer@yahoo.com,Jaipur,Monitor Pro,1,10049,9044,18-02-2019,In Transit,Unpaid
ORD1184,Neha Gupta,neha.gupta@hotmail.com,Chennai,Printer,1,8353,8353,25-10-2017,Delivered,Unpaid
ORD1203,Rahul Kumar,,Pune,HDMI Cable,1,354,354,2023-07-22,Out for delivery,COD
ORD1324,Geeta Patel,geeta.patel@outlook.com,Hyderabad,Router,1,3347,3347,2022-05-20,Delivered,Refunded
ORD1247,Kamal Kaur,kamal.kaur@hotmail.com,Kolkata,Graphic Card,1,24737,24737,03-Dec-2021,Delivered,Unpaid
ORD1498,Sahil Chowdhury,sahil.chowdhury@yahoo.com,Hyderabad,Smartwatch,1,6265,6265,22 February 2015,In Transit,Unpaid
ORD1523,Rahul Reddy,rahul.reddy@hotmail.com,Delhi,Speaker,4,1882,7528,2019-09-07,Pending,Paid
ORD1536,Latika Sharma,latika.sharma@hotmail.com,Ahmedabad,Router,1,3954,3954,2024/09/07,Delayed,COD
ORD1423,Rahul Sharma,rahul.sharma@gmail.com,Delhi,Webcam,1,2446,2446,30/12/2018,Out for delivery,Refunded
ORD1540,Geeta Kaur,geeta.kaur@yahoo.com,Hyderabad,USB Cable,2,184,368,05-May-2015,Pending,Paid
ORD1401,Pooja Khan,pooja.khan@hotmailcon,Lucknow,Charger,2,478,956,01/06/2023,Delayed,COD
ORD1126,Geeta Chowdhury,geeta.chowdhury@hotmail.com,Hylerabad,Smartwatch ,1,7050,7050,19/07/2021,Cancelled,Paid
ORD1439,Priya Reddy,priya.reddy@hotmail.com,Delhi,Printer,1,8437,8437,2024-03-15,In Transit,Unpaid
ORD1426,Mohan Gupta,mohan.gupta@hotmail.com,Lucknow,Ink Cartridge,one,698,698,2021/12/30,Pending,COD
ORD1224,Geeta Sharma,geeta.sharma@mail.com,Delhi,Headphones,1,1652,2065,May 31 2015,Delayed,COD
ORD1343,Priya Devi,priya.devi@gmail.com,Cjennai,Printer,1,8329,8329,21-Oct-2019,Out for delivery,Refunded
ORD1054,Sahil Nair,sahil.nair@gmail.com,Pune,Power Bank,1,1153,1153,17/10/2023,Returned,Paid
ORD1220,Meena Kaur,meenakaur@outlook.com,Chennai,HDMI Cable,1,9431,9431,2022-01-25,Cancelled,Unpaid
ORD1130,Jaya Kaur,jaya.kaur@gmail.com,Ahmedabad,Monitor,1,9183,9183,2016/07/19,Pending,COD
ORD1554,Jaya Sharma,,Chennai,Charger,1,565,565,15-Sep-2024,Pending,COD
ORD1406,Neha Verma,neha.verma@hotmail.com,Jaipur,Mouse,1,566,566,08.02.2022,Cancelled,Unpaid
ORD1497,Sahil Chowdhury,sahil.chowdhurymail.com,Bengaluru,Router,2,3313,6626,2021/05/28,Cancelled,Unpaid
ORD1556,Sourav Sharma,sourav.sharma@outlook.com,Kolkata,USB Cable,1,177,177,03 Oct 2018,Delivered,Paid
ORD1408,Arjun,arjun.kumar@mail.com,Mumbai,Keyboard,1,739,739,2016/09/06,Cancelled,Paid
ORD1525,Neha Nair,neha.nair@mail.com,Pune,Graphic Card,2,27277,54554,11.11.2024,Pending,Unpaid
ORD1415,Amit Kumar,amit.kumar@mail.com,Pune,Charger - refurbished,1,528,528,2019-09-12,Cancelled,COD
ORD1387,Vijay Bose,vijay.bose@hotmail.com,Hyderabad,Graphic Card,1,25796,25796,18-10-2022,Delivered,Paid
ORD1593,Ritika Singh,ritika.singh@outlook.com,Jaipur,Keyboard,1,724,724,20/01/2017,Pending,COD
ORD1295,Latika Kapoor,latika.kapoor@yahoo.com,Chennaz,Phone Case ,5,297,1485,25-Oct-2019,Cancelled,Paid
ORD1268,Sita Reddy,sita.reddy@hotmail.com,Jaipur,Keyboard,1,767,767,27 Dec 2022,Delivered,Unpaid
ORD1581,Rahul Gupta,rahul.gupta@gmail.com,Delhi,Webcam,1,2242,2242,11 May 2022,Delayed,Refunded
ORD1560,Vikas Kapoor,vikaskapoor@mail.com,Ahmedabad,Laptop,1,45903,45903,Oct 09 2018,Delivered,COD
ORD1113,Ramesh Reddy,ramesh.reddy@outlook.com,Kolkata,Tablet,1,15870,15870,2017-01-09,Returned,Unpaid
ORD1180,Suresh Devi,suresh.devi@hotmail.com,Bengrluru,Monitor,2,10058,20116,02-Mar-2022,Delivered,Refunded
ORD1434,Anita Devi,anita.devi@gmail.com,Ahmedabad,Mouse,1,,544,15 July 2020,Cancelled,Paid
ORD1512,Pooja Reddy,pooja.reddy@outlook.com,Pune,Webcam(used),1,2125,2125,30.07.2016,Out for delivery,COD
ORD1464,Sahil Nair,sahil.nair@mail.com,Pune,Graphic Card,2,23923,47846,26-08-2024,Pending,Paid
ORD1374,Karan Bose,karan.bose@gmail.com,Bengaluru,Tablet - refurbished,1,16156,16156,09.11.2018,In Transit,COD
ORD1315,Vikas Sharma,vikas.sharma@outlook.com,Pune,Tablet,1,12838,12838,20.10.2017,Pending,COD
ORD1152,Latika Sharma,latika.sharma@gmail.com,Ahmedabad,Speaker,1,1927,1927,01 July 2021,Delayed,Unpaid
ORD1506,Vikas Devi,vikas.devi@gmail.com,Hyderabad,Printer,2,8640,17280,09 Jul 2017,Cancelled,COD
ORD1234,Arjun Kapoor,arjun.kapoor@outlook.com,Chennki,Laptop,1,47565,47565,2015-11-04,In Transit,COD
ORD1307,Mohan Reddy,mohan.reddy@outlook.com,Kolkata,Mouse,2,439,878,08 Feb 2017,Delayed,Unpaid
ORD1440,Kamal,kamalkumar@hotmail.com,Mumbai,Microphone,3,2667,8001,01.07.2015,Returned,Paid
ORD1165,Suresh Kapoor,suresh.kapoor@outlook.com,Delhi,Webcam,2,2095,4190,20.01.2024,In Transit,COD
ORD1318,Pooja Devi,pooja.devi@outlook.com,kucknow,Keyboard,1,766,766,03 Sep 2022,Pending,Unpaid
ORD1137,Rahul Khan,rahul.khan@mail.com,Hyderabad,Keyboard,1,715,715,02.09.2016,Delayed,Paid
ORD1411,Latika Gupta,latika.gupta@yahoo.com,Bengaluru,SSD,1,3911,3911,22-03-2019,In Transit,Paid
ORD1198,Pooja Sharma,pooja.sharma@mail.com,Bengaluru,HDMI Cable,1,8213,8213,2016/11/30,Delivered,Unpaid
ORD1520,Rita Gupta,rita.guptaoutlook.com,Huderabad,Microphone,1,2965,2965,2017/06/11,Returned,Unpaid
ORD1259,Ritika Devi,ritika.devi@gmail.com,Chennai,Smartwatch,4,7654,30616,09 Sep 2022,Out for delivery,COD
ORD1233,Mohan Kapoor,mohan.kapoor@hotmail.com,Jaipur,Ink Cartridge,one,902,902,25 Aug 2020,Returned,Refunded
ORD1116,Sana Sharma,sana.sharma@mail.com,Mumbai,Printer,1,8077,8077,2016-12-20,In Transit,COD
ORD1121,Jaya Iyer,jaya.iyer@hotmail.com,Kolkata,Charger,1,503,503,2022-05-16,Pending,Refunded
ORD1489,Geeta Iyer,geeta.iyer@outlook.com,Chennai,Laptop,1,41866,20933,16.08.2024,Delayed,Refunded
ORD1377,Meena Chowdhury,meena.chowdhury@mail.com,Demhi,Tablet,1,13834,13834,13 Jul 2023,Cancelled,Paid
ORD1385,Kamal Sharma,kamal.sharma@gmail.com,Lucknow,Headphones,1,1640,1640,26/04/2021,Delayed,Refunded
ORD1225,Suresh Singh,suresh.singh@mail.com,Pune,Charger,1,550,550,2022-05-14,In Transit,Unpaid
ORD1580,Deepak Khan,deepakkhan@outlook.com,Jaipur,Graphic Card,1,25426,25426,23-08-2018,Delivered,Paid
ORD1471,Rita Singh,rita.singh@gmail.com,Chennai,Microphone,1,,3407,Jun 17 2024,Delivered,COD
ORD1348,Imran Singh,imran.singh@gmail.com,Bengaluru,Charger,1,461,461,23/03/2018,Delayed,Unpaid
ORD1128,Vikas Chowdhury,vikas.chowdhury@hotmail.com,Pune,Laptop,1,40959,40959,28 Jun 2018,Cancelled,Unpaid
ORD1150,Deepak Patel,deepak.patel@outlook.com,Mumbai,Tablet,1,15663,15663,Mar 06 2015,Pending,COD
ORD1446,Sana Reddy,sanareddy@hotmail.com,Ahmddabad,Smartwatch,1,6567,6567,2021-09-29,In Transit,Refunded
ORD1286,Rohit Kaur,rohit.kaur@mail.com,Ahmedabad,Printer,2,8579,17158,2016-12-22,Delivered,COD
ORD1564,Kamal Devi,kamal.devi@hotmail.com,Lucknow,Charger,1,428,428,Nov 17 2022,Pending,Unpaid
ORD1044,Neha Kapoor,neha.kapoor@hotmail.com,Kolkata,Mouse,1,471,471,31-07-2021,In Transit,Unpaid
ORD1108,Karan Iyer,karan.iyer@outlook.com,Lucknow,Ink Cartridge,1,706,706,15.07.2022,In Transit,Unpaid
ORD1517,Rohit Singh,,Pune,Smartwatch,1,6675,6675,02/01/2022,Pending,Refunded
ORD1576,Vijay Singh,vijay.singh@hotmail.com,Hyderabad,Speaker,1,1614,1614,Jan 20 2022,Cancelled,COD
ORD1134,Suresh Singh,suresh.singh@hotmail.com,Delhi,Router,1,3119,3119,2024-01-09,Returned,Unpaid
ORD1441,Akhil Kaur,akhilkaur@mail.com,Pune,Mouse,1,565,565,05 Aug 2017,Delivered,Paid
ORD1510,Sahil Khan,sahil.khan@mail.com,Chennai,Graphic Card,2,24407,48814,23-Jul-2021,Out for delivery,Paid
ORD1045,Anita Patel,anita.patel@outlook.com,Delhi,Microphone,3,2676,8028,2024-09-23,Cancelled,Refunded
ORD1170,Rita Gupta,,Mumbai,Speaker,2,1754,3508,07 October 2022,In Transit,Paid
ORD1066,Ritika Sharma,ritika.sharma@mail.com,Bengaluru,Webcam,1,1950,2437,01-Apr-2022,Delayed,Refunded
ORD1284,Sahil Devi,sahil.devi@yahoo.com,Jaipur,Headphones,1,1578,1578,2024/06/11,In Transit,Refunded
ORD1086,Sana Iyer,sana.iyeryahoo.com,Pune,Headphones,1,1669,1669,14-Jun-2021,Returned,Paid
ORD1243,Kamal Chowdhury,kamal.chowdhury@outlook.com,Delhi,Microphone,1,2827,2827,2021-10-16,Delivered,Refunded
ORD1187,Karan Gupta,karan.gupta@hotmail.com,Pune,Speaker ,1,1848,1848,2023-08-16,Delayed,Paid
ORD1327,Sita Verma,sita.verma@yahoo.com,Jaipur,Smartwatch,1,6203,7753,2015-07-14,Returned,Unpaid
ORD1160,Meena Patel,,Bengaluru,SSD,1,4106,4106,17 August 2024,Delayed,Paid
ORD1013,Meena Kaur,meena.kaur@hotmailcon,Jaipur,Printer(used),1,6975,6975,21-Jan-2018,Pending,COD
ORD1036,Ritika Bose,ritikabose@mail.com,Delhi,Speaker,1,1975,1975,30 October 2024,Returned,Refunded
ORD1029,Amit Singh,amit.singh@outlook.com,Pune,Microphone,1,2633,2633,03-Nov-2022,Pending,COD
ORD1171,Rita Verma,,Pune,Headphones,one,1359,,Nov 04 2020,Delivered,Refunded
ORD1143,Vikas Kumar,vikas.kumar@hotmail.com,Jaipur,Keyboard,1,860,860,2016-01-17,Cancelled,COD
ORD1237,Arjun Kumar,arjun.kumar@yahoocon,Pune,Graphic Card,2,22676,45352,19-Apr-2023,Delayed,COD
ORD1478,Kamal Verma,kamal.verma@hotmail.com,Kolkata,Speaker,3,2045,6135,07 August 2017,Returned,Refunded
ORD1582,Imran,imran.kaur@outlook.com,Hyderabad,Webcam,1,2059,2059,10 June 2019,In Transit,Unpaid
ORD1222,Rita Iyer,ritaiyer@gmail.com,Pune,Speaker,1,1539,1923,Jan 25 2019,Cancelled,COD
ORD1555,Rahul Devi,rahul.devi@hotmail.com,Jaipur,Ink Cartridge,1,694,694,10-09-2016,Out for delivery,Unpaid
ORD1096,Geeta Kapoor,geeta.kapoor@mail.com,Bengaluru,Laptop,3,50901,152703,25 May 2016,Cancelled,Refunded
ORD1052,Sana Devi,sana.devi@hotmail.com,Lucknow,HDMI Cable,1,5885,5885,2024/11/17,Cancelled,Refunded
ORD1241,Neha Sharma,neha.sharma@mail.com,Hyderabad,Power Bank,1,1195,1195,07-05-2016,In Transit,Refunded
ORD1519,Anita,anita.nair@hotmailcon,Ahmedabad,Charger,1,464,464,Mar 15 2022,In Transit,Paid
ORD1352,Rita Iyer,ritaiyer@hotmail.com,Ahmedabad,Speaker,1,1939,1939,02 Jun 2022,Returned,Unpaid
ORD1527,Geeta Chowdhury,geeta.chowdhury@mail.com,Ahmedabad,Power Bank,2,1348,2696,09 Jun 2017,In Transit,Paid
ORD1179,Suresh Nair,suresh.nair@hotmail.com,Hyderabad,Smartwatch,1,5960,5960,26 July 2017,Cancelled,Refunded
ORD1461,Suresh,suresh.nair@yahoo.com,Lucknow,Router,1,3707,3707,05/08/2021,In Transit,Refunded
ORD1537,Rohit Kumar,,Bengaluru,Laptop,1,41066,41066,22 May 2018,Delayed,COD
ORD1042,Amit Kapoor,amit.kapoor@outlook.com,Kolkata,Webcam,1,2291,2291,2022/07/24,Delivered,Refunded
ORD1566,Neha Bose,neha.bose@mail.com,Lucknow,Tablet,2,14160,28320,2021-11-09,Pending,COD
ORD1533,Vikas Devi,vikas.devi@outlook.com,Pune,Phone Case,1,255,255,01 May 2016,Cancelled,Refunded
ORD1207,Sita Verma,sita.verma@mail.com,Chennai,SSD,one,4658,4658,07 May 2016,Pending,Refunded
ORD1393,Ramesh Kaur,ramesh.kaur@outlook.com,Delhi,Speaker,2,1862,3724,13-Jun-2023,Delivered,Refunded
ORD1283,Suresh Singh,suresh.singh@mail.com,Delhi,Charger,1,566,566,18-Nov-2016,Delayed,Unpaid
ORD1359,Sourav Singh,souravsinghmail.com,Pune,Speaker,2,1932,3864,13 July 2019,Delivered,Paid
ORD1398,Priya Bose,priya.bose@gmailcon,Chennai,Keyboard,1,783,783,04-03-2015,Out for delivery,Refunded
ORD1255,Ramesh Nair,ramesh.nair@gmail.com,Hyderabad,Speaker,1,1532,1532,23-Sep-2023,Out for delivery,Refunded
ORD1218,Sana Bose,sana.bose@yahoo.com,Ahmedabad,Printer,5,8146,40730,2020-12-17,Pending,Unpaid
ORD1005,Vijay Kapoor,vijay.kapoor@outlook.com,Pune,Monitor,1,,9974,Nov 16 2016,Delayed,Refunded
ORD1257,Sahil,sahilsinghyahoo.com,Chennai,Tablet,1,13033,13033,2018-07-14,Out for delivery,Refunded
ORD1575,Sana Verma,sana.verma@mail.com,Mumbai,USB Cable,1,196,196,2017-07-26,Cancelled,COD
ORD1544,Deepak Singh,,Chennai,SSD,2,3743,7486,2020-01-05,Delivered,Refunded
ORD1431,Ritika Reddy,ritika.reddy@mail.com,Ahmedabad,Webcam,1,2512,2512,23-04-2022,Out for delivery,Paid
ORD1101,Amit Kaur,amit.kaur@outlook.com,Delhi,Graphic Card,2,22973,45946,05-Nov-2022,Returned,Refunded
ORD1227,Ritika Iyer,ritika.iyer@gmail.com,Mumbai,HDMI Cable,1,6578,6578,20-08-2015,Pending,COD
ORD1449,Kamal Nair,kamal.nair@hotmail.com,Kolkata,Mouse,1,470,470,2020-02-27,Out for delivery,COD
ORD1558,Ritika Verma,ritika.verma@outlook.com,Bengaluru,Router,1,3647,3647,24 Jul 2022,Delayed,COD
ORD1584,Sneha Bose,,Pune,Mouse,1,522,574,03.06.2024,Delayed,Refunded
ORD1214,Ritika Verma,ritika.verma@hotmail.com,Lucknow,Router Plus,1,3984,3984,2019-07-15,Delivered,Paid
ORD1360,Ramesh Kaur,ramesh.kaur@hotmailcon,Delhi,Headphones,1,1330,1197,2016-12-20,Delivered,Paid
ORD1172,Geeta Iyer,geeta.iyer@mail.com,Lucknow,SSD,1,4557,4557,2017/07/19,Pending,Paid
ORD1099,Sana Sharma,,Pune,SSD,1,4348,4348,Dec 30 2021,Out for delivery,Refunded
ORD1293,Kamal Khan,kamalkhan@hotmail.com,Chennai,SSD,1,4390,4829,06-Feb-2024,In Transit,Refunded
ORD1216,Mohan Verma,mohan.verma@mail.com,Mumbai,Printer,1,6988,6988,23 Sep 2023,In Transit,COD
ORD1062,Deepak Khan,deepak.khan@outlook.com,Bengaluru,Mouse,2,540,1080,28-12-2024,Returned,Paid
ORD1407,Amit Kaur,amit.kaur@yahoo.com,Jaipur,Tablet,1,15664,15664,28 November 2016,Pending,Refunded
ORD1503,Imran Kaur,imrankaur@outlook.com,Mumbai,Printer,2,8871,17742,23/11/2021,Cancelled,Refunded
ORD1048,Priya Chowdhury,priya.chowdhury@outlook.com,Mumbai,Keyboard,1,738,811,31 May 2021,Pending,Paid
ORD1033,Anita Kumar,anita.kumar@outlook.com,Chennai,Phone Case,1,317,317,2022-10-16,Pending,COD
ORD1201,Sita Kumar,sita.kumar@outlook.com,Jaipur,Charger,two,522,1044,21-07-2018,Pending,Unpaid
ORD1135,Karan Khan,karan.khanoutlook.com,Mumbai,Router,1,3824,3824,2019-02-03,Delayed,Unpaid
ORD1028,Sahil Kapoor,,Bengaluru,Microphone Pro,1,3225,3225,Jul 29 2022,Out for delivery,COD
ORD1535,Sneha Kaur,sneha.kaur@hotmail.com,Delhi,Webcam,1,2072,2072,05-09-2023,Returned,Refunded
ORD1231,Suresh Nair,suresh.nair@mail.com,Mumbai,SSD,1,3753,3753,2021-07-25,Delayed,COD
ORD1490,Akhil Nair,akhil.nair@gmail.com,Kolkata,HDMI Cable,1,3878,3878,17.12.2021,Returned,COD
ORD1379,Deepak Verma,deepak.verma@gmail.com,Ahmedabad,Printer,1,7545,7545,18-03-2017,Delayed,Refunded
ORD1289,Akhil Chowdhury,akhil.chowdhuryoutlook.com,Bengaluru,Headphones,1,1468,1468,12 June 2019,Out for delivery,Paid
ORD1419,Sahil Reddy,sahil.reddy@gmailcon,Ahmedabad,Tablet,1,16659,16659,21 Nov 2016,Pending,Refunded
ORD1392,Karan Verma,karan.verma@yahoo.com,Ahmedabad,Power Bank,-1,1248,-1248,2017-10-10,Delivered,Unpaid
ORD1499,Rahul Iyer,rahul.iyer@yahoo.com,Jaipur,Phone Case,1,310,310,Dec 09 2017,Returned,Unpaid
ORD1139,Suresh Singh,suresh.singh@mail.com,Delhi,Webcam,1,2518,2518,Jan 29 2016,Delayed,COD
ORD1063,Vikas Kumar,vikas.kumar@outlook.com,Jaipur,Phone Case,1,275,275,25 February 2024,Delayed,Refunded
ORD1472,Neha Singh,neha.singh@outlook.com,Bengaluru,Keyboard,3,863,2589,2021-11-28,Delayed,COD
ORD1129,Rahul Singh,rahul.singh@mail.com,Hyderabad,Laptop,1,49711,49711,Mar 31 2016,Pending,Unpaid
ORD1596,Akhil Iyer,akhil.iyer@outlook.com,Kolkata,Speaker,2,2042,2042,03-12-2023,In Transit,Refunded
ORD1521,Vikas Nair,vikasnair@outlook.com,Hyderabad,Printer,2,7796,15592,05/07/2023,In Transit,Refunded
ORD1065,Sana Kumar,sana.kumar@outlook.com,Hyderabad,Webcam Pro,1,2080,2080,05-02-2023,Cancelled,COD
ORD1015,Sourav Sharma,sourav.sharma@outlookcon,Delhi,Charger,1,429,429,2021-04-12,Pending,Refunded
ORD1157,Rahul Singh,rahul.singh@yahoo.com,Jaipur,Graphic Card,1,,22173,2023-12-19,Delivered,Refunded
ORD1041,Suresh Devi,suresh.devi@yahoo.com,jelhi,Smartwatch,1,7546,7546,17.03.2016,Out for delivery,Unpaid
ORD1493,Arjun Gupta,arjun.gupta@yahoo.com,Ahmedabad,Graphic Card - refurbished,1,23516,23516,Mar 14 2016,In Transit,Refunded
ORD1380,Vikas Khan,vikas.khan@yahoo.com,Pune,Charger,1,445,445,26 January 2024,Delayed,Paid
ORD1188,Kamal Reddy,kamal.reddy@gmail.com,Hyderabad,Smartwatch,1,6173,6173,24.08.2021,In Transit,COD
ORD1217,Sita Patel,sitapatel@mail.com,Lucknow,Webcam,1,1903,1903,28/06/2019,Out for delivery,Paid
ORD1053,Jaya Chowdhury,,Ahmedabad,HDMI Cable,2,7996,15992,2024-05-20,Cancelled,COD
ORD1338,Karan Kaur,karan.kaur@yahoo.com,Jaipur,Printer,1,6956,6956,Oct 24 2015,Pending,COD
ORD1296,Akhil Kapoor,akhil.kapoor@hotmail.com,Hyderabad,Monitor,1,10196,10196,28-Aug-2016,Pending,Paid
ORD1252,Latika Verma,latika.verma@yahoo.com,Hyderabad,Headphones,1,1521,1673,May 29 2024,Delivered,Paid
ORD1462,Sahil Bose,sahil.bose@yahoo.com,Ahmedabad,Smartwatch,1,6080,6080,03-07-2015,Delayed,Paid
ORD1456,Sneha Gupta,sneha.guptayahoo.com,Lucknow,Microphone,1,2626,2626,2022-05-15,Delivered,COD
ORD1193,Geeta Singh,geeta.singh@hotmail.com,Jaipur,Laptop,-1,39819,-39819,2022-03-10,Delayed,Unpaid
ORD1270,Amit Devi,amit.devi@yahoo.com,Chennai,Graphic Card,four,23448,93792,25/02/2021,Pending,Refunded
ORD1202,Sneha Reddy,sneha.reddy@hotmail.com,Lucknow,Headphones,1,1543,1543,19-Mar-2022,Returned,Refunded
ORD1162,Pooja Devi,pooja.devi@outlook.com,Mumbai,Graphic Card,1,26678,26678,05 Aug 2022,Delayed,COD
ORD1402,Imran Chowdhury,,Lucknow,Ink Cartridge,1,752,752,14-Aug-2023,Pending,Unpaid
ORD1477,Sana Iyer,sana.iyer@hotmail.com,Hyderabad,Smartwatch,4,6938,27752,21/01/2022,Delivered,Unpaid
ORD1106,Ritika Chowdhury,ritika.chowdhury@mail.com,Chennai,Tablet,1,13549,13549,30.08.2018,In Transit,Refunded
ORD1390,Neha Gupta,neha.gupta@gmail.com,Bengaluru,Printer,1,7029,7029,01.07.2021,Delayed,COD
ORD1002,Anita Verma,anita.verma@outlook.com,Hyderabad,Mouse,1,481,481,2018-12-09,Returned,COD
ORD1570,Imran Devi,,Jaipsr,Keyboard,1,694,694,21/12/2016,Delivered,Paid
ORD1081,Pooja Chowdhury,pooja.chowdhury@gmail.com,Jaipur,Phone Case,1,307,307,08.06.2022,Delayed,Unpaid
ORD1206,Pooja Sharma,pooja.sharma@yahoo.com,Mumbai,Mouse,4,482,1928,08 Nov 2017,Cancelled,Paid
ORD1035,Rahul Bose,rahul.bose@hotmail.com,Lucknow,Microphone,1,2713,2713,15/03/2022,Delayed,Refunded
ORD1509,Vijay Kumar,vijay.kumar@hotmail.com,Mumbai,Headphones,1,1488,1488,16 March 2016,Pending,COD
ORD1428,Priya Verma,priya.verma@outlook.com,Hyderabad,HDMI Cable,2,7226,14452,09.05.2016,Pending,Refunded
ORD1455,Mohan Khan,mohan.khan@mail.com,Ahmedabad,Microphone,1,3415,3415,08-May-2021,Delivered,Refunded
ORD1367,Neha Gupta,neha.gupta@yahoo.com,Chennai,Router,4,,12236,20-07-2019,Out for delivery,Unpaid
ORD1092,Ritika Kumar,ritika.kumar@gmail.com,Ahmedabad,HDMI Cable,1,7036,7036,18.12.2018,Pending,COD
ORD1340,Arjun Kumar,arjun.kumar@yahoo.com,Chennai,USB Cable,1,188,188,2022/02/04,Delivered,Paid
ORD1565,Rita Kapoor,rita.kapoor@yahoo.com,Jaipur,Speaker,4,1911,7644,03-Feb-2024,Delayed,COD
ORD1346,Deepak,,Hyderabad,Laptop Plus,1,39805,39805,Apr 06 2017,Cancelled,COD
ORD1242,Amit Bose,amit.bose@hotmail.com,Jaipur,Webcam,1,1974,1974,2015/10/28,In Transit,Unpaid
ORD1014,Meena Iyer,meena.iyer@gmail.com,Delhi,HDMI Cable,1,2558,2813,2023-02-17,In Transit,Unpaid
ORD1316,Meena Kumar,meena.kumar@outlook.com,Pune,Webcam,1,2218,2218,2018/08/16,Returned,Paid
ORD1388,Amit Reddy,amit.reddy@hotmail.com,Pune,Monitor,3,9476,28428,08 Sep 2016,Returned,Unpaid
ORD1274,Mohan Devi,,Bengaluru,Laptop,1,46586,46586,Feb 02 2019,Delivered,COD
ORD1167,Ritika Sharma,ritika.sharma@gmail.com,Lucknow,Speaker,2,2058,4116,19-08-2023,Pending,COD
ORD1322,Geeta Kumar,geeta.kumar@yahoo.com,Lucknow,Phone Case,1,290,290,16-Apr-2021,Delayed,COD
ORD1485,Kamal Gupta,kamal.gupta@outlook.com,Delhi,Mouse,1,558,558,21/01/2016,Delayed,Unpaid
ORD1598,Pooja Bose,pooja.boseyahoo.com,Kolkata,Power Bank,1,1266,1266,13-06-2016,Returned,Unpaid
ORD1505,Rohit Gupta,rohitgupta@gmail.com,Bengaluru,Monitor,1,8847,8847,Apr 23 2017,Cancelled,Refunded
ORD1244,Vikas Singh,vikas.singh@yahoo.com,Bengalurb,Smartwatch,1,8029,8029,09-Dec-2021,Returned,Refunded
ORD1567,Sana Devi,sanadevi@yahoo.com,Hyderabad,Tablet,1,13036,13036,22-02-2023,In Transit,COD
ORD1563,Rita Patel,rita.patel@mail.com,Chennai,Monitor,2,9571,19142,09.07.2022,Out for delivery,COD
ORD1190,Suresh Gupta,sureshgupta@gmail.com,Mumbai,Speaker,1,1861,1861,23 Jan 2023,Returned,Paid
ORD1476,Akhil Kumar,akhil.kumar@mail.com,Bengaludu,Router,2,3687,7374,17 Jan 2019,Returned,Paid
ORD1511,Sita Devi,sita.devi@hotmail.com,Ahmedabad,Headphones,1,1275,1402,25 Dec 2024,Pending,COD
ORD1059,Vikas Kaur,vikaskaur@gmail.com,Delhi,Ink Cartridge,1,801,801,19 April 2021,Delayed,Paid
ORD1475,Sneha Reddy,sneha.reddy@yahoo.com,Jaipur,HDMI Cable,1,6071,6071,2017-12-22,Delayed,COD
ORD1561,Arjun Kumar,arjun.kumar@hotmail.com,Kolkata,USB Cable,1,215,215,10/09/2018,Cancelled,Refunded
ORD1253,Imran Devi,imran.devi@gmail.com,Jaipur,Headphones,1,1588,1588,2020/04/26,Cancelled,Paid
ORD1022,Vijay Sharma,vijay.sharma@outlook.com,Bengaluru,Graphic Card,1,25950,25950,14-12-2015,Cancelled,COD
ORD1314,Meena Kapoor,meena.kapoor@mail.com,Ahmedabud,Phone Case,1,265,265,03 May 2016,Delayed,Paid
ORD1460,Sourav Kumar,sourav.kumar@yahoo.com,Hyderabad,Graphic Card,1,25097,25097,Oct 12 2016,In Transit,COD
ORD1161,Priya Gupta,priya.gupta@outlook.com,Pune,Smartwatch,1,6187,6805,28 September 2015,Delayed,Unpaid
ORD1277,Ramesh Singh,ramesh.singh@yahoo.com,Bengaluru,Printer,1,7985,7985,07/08/2017,Delivered,Paid
ORD1192,Ritika Patel,ritika.patel@yahoo.com,Jaipur,Laptop,1,40612,40612,07-May-2021,Delivered,COD
ORD1386,Mohan Sharma,mohan.sharma@gmail.com,Kolkata,Printer(used),1,8366,8366,2017-12-17,Delayed,Paid
ORD1414,Ritika Chowdhury,ritika.chowdhury@mail.com,vhennai,Keyboard,1,708,708,08 September 2016,Out for delivery,Paid
ORD1492,Meena Kumar,meena.kumar@yahoo.com,Delhi,Speaker,one,1600,1600,2018-02-09,Delayed,Paid
ORD1344,Ramesh Kaur,ramesh.kaur@hotmail.com,Lucknow,Printer,1,6937,6937,2024-06-12,Returned,Paid
ORD1309,Akhil Verma,akhil.verma@mail.com,Bengaluru,Power Bank,one,1287,1287,01/11/2021,Out for delivery,Paid
ORD1131,Kamal Devi,kamal.devi@yahoo.com,Delhi,HDMI Cable,1,6916,6916,2018-07-16,Out for delivery,COD
ORD1100,Anita Devi,anita.devi@gmail.com,Bengaluru,SSD,1,4571,4113,2019-08-21,Out for delivery,Unpaid
ORD1373,Vijay Chowdhury,vijay.chowdhury@outlook.com,Kolkata,Monitor Pro,1,7881,7881,2015-10-21,In Transit,Paid
ORD1088,Geeta Patel,geeta.patel@hotmailcon,Hyderabad,Webcam,1,2310,2310,15 Nov 2016,Out for delivery,COD
ORD1459,Jaya Nair,jaya.nair@hotmail.com,Ahmedabad,Smartwatch,1,6008,6008,30 May 2021,Out for delivery,Paid
ORD1331,Anita Gupta,anita.gupta@gmail.com,Delhi,Mouse,1,450,450,2017/12/12,Delayed,Paid
ORD1215,Rita Reddy,rita.reddy@mail.com,Pune,SSD,1,3744,3744,11 Aug 2021,Pending,Unpaid
ORD1467,Suresh Verma,suresh.verma@mail.com,Kolkata,Router,one,3084,3084,2017-08-10,Cancelled,COD
ORD1122,Priya Kapoor,priya.kapoor@outlook.com,Chennai,Router,1,3235,3235,Mar 03 2023,Returned,COD
ORD1021,Vijay Bose,vijay.bose@gmail.com,Lucknow,Microphone,2,3051,6102,11 June 2016,Out for delivery,Unpaid
ORD1072,Pooja Reddy,pooja.reddy@outlook.com,Pune,USB Cable,5,210,1050,29/04/2017,Delivered,Unpaid
ORD1107,Geeta Reddy,geeta.reddy@gmail.com,Pune,Phone Case,2,327,654,02.09.2019,Cancelled,Refunded
ORD1271,Kamal Khan,kamal.khan@hotmail.com,Lucknow,Microphone,1,2823,2823,2023-12-08,In Transit,Unpaid
ORD1436,Sahil Verma,sahil.verma@yahoo.com,Hyderabad,HDMI Cable,2,4972,9944,Dec 22 2019,Returned,Refunded
ORD1103,Imran Patel,imran.patel@outlook.com,Ahmedabad,Headphones,1,1572,1965,07-01-2022,In Transit,Unpaid
